{
  "global_best_fitness": [
    80.02962962962962,
    85.3037037037037,
    90.16296296296296,
    90.16296296296296,
    90.16296296296296,
    90.16296296296296
  ],
  "avg_fitness": [
    23.635555555555552,
    69.50222222222223,
    74.71703703703704,
    85.29185185185185,
    86.31703703703704,
    85.49925925925925
  ],
  "iteration_times": [
    189.69790935516357,
    183.62378072738647,
    182.6704089641571,
    182.64376950263977,
    182.94247484207153
  ]
}