{
  "train_losses": [
    2.708861532481576,
    2.5385768210839648,
    1.6713310504249232,
    0.8322026721137737,
    0.5496684373149022,
    0.3973648927593038,
    0.28750852721664105,
    0.25210306718229103,
    0.2063020423869131,
    0.15329819844377243,
    0.13533454470200698,
    0.13606875340043292,
    0.09977460364143738,
    0.10176550653133436,
    0.09238841152384214
  ],
  "train_accuracies": [
    6.958730158730159,
    15.682539682539682,
    43.161904761904765,
    70.74285714285715,
    79.94920634920635,
    85.33333333333333,
    89.98095238095237,
    90.75555555555556,
    92.57142857142857,
    94.67936507936508,
    95.33968253968254,
    95.25079365079365,
    96.4952380952381,
    96.54603174603174,
    96.8
  ],
  "test_accuracies": [
    6.311111111111111,
    21.007407407407406,
    55.37777777777778,
    73.3037037037037,
    83.34814814814816,
    86.42962962962963,
    87.14074074074074,
    88.11851851851851,
    88.41481481481482,
    90.9037037037037,
    90.13333333333334,
    90.01481481481481,
    92.94814814814815,
    93.24444444444444,
    93.71851851851852
  ],
  "final_accuracy": 93.71851851851852,
  "best_accuracy": 93.71851851851852,
  "training_time": 45.97603702545166
}